LOCATION,TIME,HHDI
AUS,1995-Q1,
AUS,1995-Q2,
AUS,1995-Q3,
AUS,1995-Q4,
AUS,1996-Q1,
AUS,1996-Q2,
AUS,1996-Q3,
AUS,1996-Q4,
AUS,1997-Q1,
AUS,1997-Q2,
AUS,1997-Q3,
AUS,1997-Q4,
AUS,1998-Q1,
AUS,1998-Q2,
AUS,1998-Q3,
AUS,1998-Q4,
AUS,1999-Q1,
AUS,1999-Q2,
AUS,1999-Q3,
AUS,1999-Q4,
AUS,2000-Q1,
AUS,2000-Q2,
AUS,2000-Q3,
AUS,2000-Q4,
AUS,2001-Q1,
AUS,2001-Q2,
AUS,2001-Q3,
AUS,2001-Q4,
AUS,2002-Q1,
AUS,2002-Q2,
AUS,2002-Q3,
AUS,2002-Q4,
AUS,2003-Q1,
AUS,2003-Q2,
AUS,2003-Q3,
AUS,2003-Q4,
AUS,2004-Q1,
AUS,2004-Q2,
AUS,2004-Q3,
AUS,2004-Q4,
AUS,2005-Q1,
AUS,2005-Q2,
AUS,2005-Q3,
AUS,2005-Q4,
AUS,2006-Q1,
AUS,2006-Q2,
AUS,2006-Q3,
AUS,2006-Q4,
AUS,2007-Q1,
AUS,2007-Q2,1.43
AUS,2007-Q3,0.08
AUS,2007-Q4,1.16
AUS,2008-Q1,1.11
AUS,2008-Q2,0.12
AUS,2008-Q3,0.06
AUS,2008-Q4,5.15
AUS,2009-Q1,-2.25
AUS,2009-Q2,2.45
AUS,2009-Q3,-3.04
AUS,2009-Q4,0.77
AUS,2010-Q1,0.62
AUS,2010-Q2,0.08
AUS,2010-Q3,1.85
AUS,2010-Q4,2.21
AUS,2011-Q1,0.66
AUS,2011-Q2,-0.28
AUS,2011-Q3,0.54
AUS,2011-Q4,0.92
AUS,2012-Q1,-1.19
AUS,2012-Q2,0.72
AUS,2012-Q3,-2.54
AUS,2012-Q4,0.86
AUS,2013-Q1,0.73
AUS,2013-Q2,-0.2
AUS,2013-Q3,0.01
AUS,2013-Q4,0.99
AUS,2014-Q1,0.3
AUS,2014-Q2,1.09
AUS,2014-Q3,0.1
AUS,2014-Q4,0.55
AUS,2015-Q1,-0.35
AUS,2015-Q2,0.59
AUS,2015-Q3,-0.21
AUS,2015-Q4,-1.19
AUS,2016-Q1,0.25
AUS,2016-Q2,0.52
AUS,2016-Q3,0.01
AUS,2016-Q4,-0.07
AUS,2017-Q1,0.11
AUS,2017-Q2,-0.35
AUS,2017-Q3,0.04
AUS,2017-Q4,1.15
AUS,2018-Q1,-0.12
AUS,2018-Q2,0.22
AUS,2018-Q3,-0.05
AUS,2018-Q4,0.66
AUS,2019-Q1,0.16
AUS,2019-Q2,-0.8
AUS,2019-Q3,2.03
AUS,2019-Q4,-0.83
AUS,2020-Q1,0.91
AUS,2020-Q2,3.42
AUS,2020-Q3,3.51
AUS,2020-Q4,-2.59
AUS,2021-Q1,0.87
AUS,2021-Q2,-1.46
AUS,2021-Q3,3.97
AUS,2021-Q4,-1.35
AUS,2022-Q1,-0.37
AUS,2022-Q2,-1.59
AUS,2022-Q3,-0.7
AUS,2022-Q4,-2.85
AUS,2023-Q1,-1.09
AUS,2023-Q2,-0.53
AUT,1995-Q1,
AUT,1995-Q2,
AUT,1995-Q3,
AUT,1995-Q4,
AUT,1996-Q1,
AUT,1996-Q2,
AUT,1996-Q3,
AUT,1996-Q4,
AUT,1997-Q1,
AUT,1997-Q2,
AUT,1997-Q3,
AUT,1997-Q4,
AUT,1998-Q1,
AUT,1998-Q2,
AUT,1998-Q3,
AUT,1998-Q4,
AUT,1999-Q1,
AUT,1999-Q2,
AUT,1999-Q3,
AUT,1999-Q4,
AUT,2000-Q1,
AUT,2000-Q2,
AUT,2000-Q3,
AUT,2000-Q4,
AUT,2001-Q1,
AUT,2001-Q2,
AUT,2001-Q3,
AUT,2001-Q4,
AUT,2002-Q1,
AUT,2002-Q2,
AUT,2002-Q3,
AUT,2002-Q4,
AUT,2003-Q1,
AUT,2003-Q2,
AUT,2003-Q3,
AUT,2003-Q4,
AUT,2004-Q1,
AUT,2004-Q2,
AUT,2004-Q3,
AUT,2004-Q4,
AUT,2005-Q1,
AUT,2005-Q2,
AUT,2005-Q3,
AUT,2005-Q4,
AUT,2006-Q1,
AUT,2006-Q2,
AUT,2006-Q3,
AUT,2006-Q4,
AUT,2007-Q1,
AUT,2007-Q2,0.68
AUT,2007-Q3,1.09
AUT,2007-Q4,-1.13
AUT,2008-Q1,2.92
AUT,2008-Q2,-2.32
AUT,2008-Q3,-0.95
AUT,2008-Q4,0.93
AUT,2009-Q1,0.92
AUT,2009-Q2,-0.13
AUT,2009-Q3,-1.3
AUT,2009-Q4,-1.29
AUT,2010-Q1,0.51
AUT,2010-Q2,-0.05
AUT,2010-Q3,0.29
AUT,2010-Q4,-0.33
AUT,2011-Q1,-0.34
AUT,2011-Q2,-1.26
AUT,2011-Q3,0.99
AUT,2011-Q4,1.48
AUT,2012-Q1,0.65
AUT,2012-Q2,0.12
AUT,2012-Q3,-1.05
AUT,2012-Q4,-2.12
AUT,2013-Q1,0.35
AUT,2013-Q2,-1.18
AUT,2013-Q3,-0.1
AUT,2013-Q4,0.58
AUT,2014-Q1,0.29
AUT,2014-Q2,-1.56
AUT,2014-Q3,1.53
AUT,2014-Q4,0.15
AUT,2015-Q1,-0.76
AUT,2015-Q2,-1.02
AUT,2015-Q3,0.65
AUT,2015-Q4,-1.36
AUT,2016-Q1,2.46
AUT,2016-Q2,-1.11
AUT,2016-Q3,-0.1
AUT,2016-Q4,2.5
AUT,2017-Q1,-1.4
AUT,2017-Q2,1.93
AUT,2017-Q3,-1.08
AUT,2017-Q4,0.32
AUT,2018-Q1,0.71
AUT,2018-Q2,0.56
AUT,2018-Q3,-0.48
AUT,2018-Q4,-0.89
AUT,2019-Q1,1.77
AUT,2019-Q2,-1.22
AUT,2019-Q3,0.21
AUT,2019-Q4,0.78
AUT,2020-Q1,-4.3
AUT,2020-Q2,-2.94
AUT,2020-Q3,6.3
AUT,2020-Q4,0.89
AUT,2021-Q1,-2.46
AUT,2021-Q2,0.05
AUT,2021-Q3,3.31
AUT,2021-Q4,-1.72
AUT,2022-Q1,0.7
AUT,2022-Q2,-0.84
AUT,2022-Q3,7.06
AUT,2022-Q4,-6.99
AUT,2023-Q1,1.7
AUT,2023-Q2,-2.85
DNK,1995-Q1,
DNK,1995-Q2,
DNK,1995-Q3,
DNK,1995-Q4,
DNK,1996-Q1,
DNK,1996-Q2,
DNK,1996-Q3,
DNK,1996-Q4,
DNK,1997-Q1,
DNK,1997-Q2,
DNK,1997-Q3,
DNK,1997-Q4,
DNK,1998-Q1,
DNK,1998-Q2,
DNK,1998-Q3,
DNK,1998-Q4,
DNK,1999-Q1,
DNK,1999-Q2,
DNK,1999-Q3,
DNK,1999-Q4,
DNK,2000-Q1,
DNK,2000-Q2,
DNK,2000-Q3,
DNK,2000-Q4,
DNK,2001-Q1,
DNK,2001-Q2,
DNK,2001-Q3,
DNK,2001-Q4,
DNK,2002-Q1,
DNK,2002-Q2,
DNK,2002-Q3,
DNK,2002-Q4,
DNK,2003-Q1,
DNK,2003-Q2,
DNK,2003-Q3,
DNK,2003-Q4,
DNK,2004-Q1,
DNK,2004-Q2,
DNK,2004-Q3,
DNK,2004-Q4,
DNK,2005-Q1,
DNK,2005-Q2,
DNK,2005-Q3,
DNK,2005-Q4,
DNK,2006-Q1,
DNK,2006-Q2,
DNK,2006-Q3,
DNK,2006-Q4,
DNK,2007-Q1,
DNK,2007-Q2,-1.13
DNK,2007-Q3,1.93
DNK,2007-Q4,-0.2
DNK,2008-Q1,0.65
DNK,2008-Q2,-0.31
DNK,2008-Q3,0.44
DNK,2008-Q4,1.37
DNK,2009-Q1,-0.17
DNK,2009-Q2,-1.84
DNK,2009-Q3,1.38
DNK,2009-Q4,-0.2
DNK,2010-Q1,-2.07
DNK,2010-Q2,0.19
DNK,2010-Q3,0.59
DNK,2010-Q4,0.06
DNK,2011-Q1,-2.02
DNK,2011-Q2,0.57
DNK,2011-Q3,-0.05
DNK,2011-Q4,0.52
DNK,2012-Q1,-1.59
DNK,2012-Q2,1.74
DNK,2012-Q3,0.45
DNK,2012-Q4,-0.8
DNK,2013-Q1,-0.24
DNK,2013-Q2,0.07
DNK,2013-Q3,0.34
DNK,2013-Q4,-0.89
DNK,2014-Q1,0.63
DNK,2014-Q2,-0.51
DNK,2014-Q3,0.1
DNK,2014-Q4,0.92
DNK,2015-Q1,-0.46
DNK,2015-Q2,0.03
DNK,2015-Q3,-0.74
DNK,2015-Q4,0.97
DNK,2016-Q1,0.23
DNK,2016-Q2,-0.75
DNK,2016-Q3,2.56
DNK,2016-Q4,-1.77
DNK,2017-Q1,0.99
DNK,2017-Q2,1.64
DNK,2017-Q3,-0.61
DNK,2017-Q4,-0.33
DNK,2018-Q1,0.59
DNK,2018-Q2,-0.62
DNK,2018-Q3,0.61
DNK,2018-Q4,1.69
DNK,2019-Q1,-0.16
DNK,2019-Q2,1.4
DNK,2019-Q3,-0.35
DNK,2019-Q4,-0.1
DNK,2020-Q1,1.4
DNK,2020-Q2,-4.57
DNK,2020-Q3,5.59
DNK,2020-Q4,0.06
DNK,2021-Q1,-0.14
DNK,2021-Q2,0.55
DNK,2021-Q3,2.22
DNK,2021-Q4,-3.9
DNK,2022-Q1,-2.54
DNK,2022-Q2,3.52
DNK,2022-Q3,-0.68
DNK,2022-Q4,-2.4
DNK,2023-Q1,2.55
DNK,2023-Q2,1.49
DNK,1995-Q1,
DNK,1995-Q2,
DNK,1995-Q3,
DNK,1995-Q4,
DNK,1996-Q1,
DNK,1996-Q2,
DNK,1996-Q3,
DNK,1996-Q4,
DNK,1997-Q1,
DNK,1997-Q2,
DNK,1997-Q3,
DNK,1997-Q4,
DNK,1998-Q1,
DNK,1998-Q2,
DNK,1998-Q3,
DNK,1998-Q4,
DNK,1999-Q1,
DNK,1999-Q2,
DNK,1999-Q3,
DNK,1999-Q4,
DNK,2000-Q1,
DNK,2000-Q2,
DNK,2000-Q3,
DNK,2000-Q4,
DNK,2001-Q1,
DNK,2001-Q2,
DNK,2001-Q3,
DNK,2001-Q4,
DNK,2002-Q1,
DNK,2002-Q2,
DNK,2002-Q3,
DNK,2002-Q4,
DNK,2003-Q1,
DNK,2003-Q2,
DNK,2003-Q3,
DNK,2003-Q4,
DNK,2004-Q1,
DNK,2004-Q2,
DNK,2004-Q3,
DNK,2004-Q4,
DNK,2005-Q1,
DNK,2005-Q2,
DNK,2005-Q3,
DNK,2005-Q4,
DNK,2006-Q1,
DNK,2006-Q2,
DNK,2006-Q3,
DNK,2006-Q4,
DNK,2007-Q1,
DNK,2007-Q2,3.08
DNK,2007-Q3,-1.03
DNK,2007-Q4,4.06
DNK,2008-Q1,-0.33
DNK,2008-Q2,-1.84
DNK,2008-Q3,-2.92
DNK,2008-Q4,-4.38
DNK,2009-Q1,8.68
DNK,2009-Q2,-6.6
DNK,2009-Q3,1.37
DNK,2009-Q4,7.25
DNK,2010-Q1,-4.26
DNK,2010-Q2,0.31
DNK,2010-Q3,5.74
DNK,2010-Q4,-0.52
DNK,2011-Q1,-1.93
DNK,2011-Q2,1.95
DNK,2011-Q3,-0.97
DNK,2011-Q4,-3.13
DNK,2012-Q1,2.54
DNK,2012-Q2,-1.92
DNK,2012-Q3,2.34
DNK,2012-Q4,-1.63
DNK,2013-Q1,-1.32
DNK,2013-Q2,1.69
DNK,2013-Q3,0.54
DNK,2013-Q4,4.22
DNK,2014-Q1,-2.81
DNK,2014-Q2,-0.65
DNK,2014-Q3,-1.06
DNK,2014-Q4,1.19
DNK,2015-Q1,4.59
DNK,2015-Q2,1
DNK,2015-Q3,-3.76
DNK,2015-Q4,-1.7
DNK,2016-Q1,5.23
DNK,2016-Q2,0.22
DNK,2016-Q3,1.62
DNK,2016-Q4,1.43
DNK,2017-Q1,-1.71
DNK,2017-Q2,0.63
DNK,2017-Q3,1.33
DNK,2017-Q4,0.79
DNK,2018-Q1,-0.29
DNK,2018-Q2,0.47
DNK,2018-Q3,0.46
DNK,2018-Q4,0.57
DNK,2019-Q1,0.28
DNK,2019-Q2,0.97
DNK,2019-Q3,0.71
DNK,2019-Q4,-0.21
DNK,2020-Q1,-1.45
DNK,2020-Q2,2.73
DNK,2020-Q3,1.6
DNK,2020-Q4,-7.87
DNK,2021-Q1,-2.62
DNK,2021-Q2,6.92
DNK,2021-Q3,3.31
DNK,2021-Q4,1.62
DNK,2022-Q1,-1.29
DNK,2022-Q2,-1.64
DNK,2022-Q3,-0.99
DNK,2022-Q4,0.98
DNK,2023-Q1,3.33
DNK,2023-Q2,-1.63
DEU,1995-Q1,
DEU,1995-Q2,
DEU,1995-Q3,
DEU,1995-Q4,
DEU,1996-Q1,
DEU,1996-Q2,
DEU,1996-Q3,
DEU,1996-Q4,
DEU,1997-Q1,
DEU,1997-Q2,
DEU,1997-Q3,
DEU,1997-Q4,
DEU,1998-Q1,
DEU,1998-Q2,
DEU,1998-Q3,
DEU,1998-Q4,
DEU,1999-Q1,
DEU,1999-Q2,
DEU,1999-Q3,
DEU,1999-Q4,
DEU,2000-Q1,
DEU,2000-Q2,
DEU,2000-Q3,
DEU,2000-Q4,
DEU,2001-Q1,
DEU,2001-Q2,
DEU,2001-Q3,
DEU,2001-Q4,
DEU,2002-Q1,
DEU,2002-Q2,
DEU,2002-Q3,
DEU,2002-Q4,
DEU,2003-Q1,
DEU,2003-Q2,
DEU,2003-Q3,
DEU,2003-Q4,
DEU,2004-Q1,
DEU,2004-Q2,
DEU,2004-Q3,
DEU,2004-Q4,
DEU,2005-Q1,
DEU,2005-Q2,
DEU,2005-Q3,
DEU,2005-Q4,
DEU,2006-Q1,
DEU,2006-Q2,
DEU,2006-Q3,
DEU,2006-Q4,
DEU,2007-Q1,
DEU,2007-Q2,-0.03
DEU,2007-Q3,0.05
DEU,2007-Q4,0.71
DEU,2008-Q1,0
DEU,2008-Q2,1.07
DEU,2008-Q3,-0.52
DEU,2008-Q4,-1.33
DEU,2009-Q1,1.21
DEU,2009-Q2,-0.15
DEU,2009-Q3,-0.71
DEU,2009-Q4,-0.27
DEU,2010-Q1,0.67
DEU,2010-Q2,0.53
DEU,2010-Q3,0.51
DEU,2010-Q4,0.73
DEU,2011-Q1,-0.12
DEU,2011-Q2,0.57
DEU,2011-Q3,0.79
DEU,2011-Q4,0.21
DEU,2012-Q1,0.91
DEU,2012-Q2,-0.82
DEU,2012-Q3,-0.11
DEU,2012-Q4,-0.17
DEU,2013-Q1,-0.47
DEU,2013-Q2,1.1
DEU,2013-Q3,0.34
DEU,2013-Q4,-0.62
DEU,2014-Q1,0.35
DEU,2014-Q2,0.77
DEU,2014-Q3,0.66
DEU,2014-Q4,0.17
DEU,2015-Q1,-0.26
DEU,2015-Q2,0.86
DEU,2015-Q3,0.53
DEU,2015-Q4,0.06
DEU,2016-Q1,0.81
DEU,2016-Q2,0.78
DEU,2016-Q3,-0.25
DEU,2016-Q4,0.24
DEU,2017-Q1,1.01
DEU,2017-Q2,-0.08
DEU,2017-Q3,0.18
DEU,2017-Q4,0.66
DEU,2018-Q1,2.08
DEU,2018-Q2,-0.19
DEU,2018-Q3,-0.77
DEU,2018-Q4,0.82
DEU,2019-Q1,0.76
DEU,2019-Q2,-0.04
DEU,2019-Q3,-0.16
DEU,2019-Q4,0.06
DEU,2020-Q1,1.42
DEU,2020-Q2,-2.6
DEU,2020-Q3,2.9
DEU,2020-Q4,-0.18
DEU,2021-Q1,-1.05
DEU,2021-Q2,1.13
DEU,2021-Q3,-1.04
DEU,2021-Q4,0.72
DEU,2022-Q1,-0.4
DEU,2022-Q2,-0.03
DEU,2022-Q3,0.24
DEU,2022-Q4,-0.95
DEU,2023-Q1,-0.42
DEU,2023-Q2,0.53
IRL,1995-Q1,
IRL,1995-Q2,
IRL,1995-Q3,
IRL,1995-Q4,
IRL,1996-Q1,
IRL,1996-Q2,
IRL,1996-Q3,
IRL,1996-Q4,
IRL,1997-Q1,
IRL,1997-Q2,
IRL,1997-Q3,
IRL,1997-Q4,
IRL,1998-Q1,
IRL,1998-Q2,
IRL,1998-Q3,
IRL,1998-Q4,
IRL,1999-Q1,
IRL,1999-Q2,
IRL,1999-Q3,
IRL,1999-Q4,
IRL,2000-Q1,
IRL,2000-Q2,
IRL,2000-Q3,
IRL,2000-Q4,
IRL,2001-Q1,
IRL,2001-Q2,
IRL,2001-Q3,
IRL,2001-Q4,
IRL,2002-Q1,
IRL,2002-Q2,
IRL,2002-Q3,
IRL,2002-Q4,
IRL,2003-Q1,
IRL,2003-Q2,
IRL,2003-Q3,
IRL,2003-Q4,
IRL,2004-Q1,
IRL,2004-Q2,
IRL,2004-Q3,
IRL,2004-Q4,
IRL,2005-Q1,
IRL,2005-Q2,
IRL,2005-Q3,
IRL,2005-Q4,
IRL,2006-Q1,
IRL,2006-Q2,
IRL,2006-Q3,
IRL,2006-Q4,
IRL,2007-Q1,
IRL,2007-Q2,0.41
IRL,2007-Q3,1.84
IRL,2007-Q4,-1.36
IRL,2008-Q1,2.76
IRL,2008-Q2,1.65
IRL,2008-Q3,-0.34
IRL,2008-Q4,-2.33
IRL,2009-Q1,3.09
IRL,2009-Q2,-1.64
IRL,2009-Q3,-0.03
IRL,2009-Q4,-2.84
IRL,2010-Q1,0.96
IRL,2010-Q2,-0.14
IRL,2010-Q3,-0.41
IRL,2010-Q4,-2.11
IRL,2011-Q1,-2.8
IRL,2011-Q2,-1.88
IRL,2011-Q3,-0.77
IRL,2011-Q4,2.61
IRL,2012-Q1,0.2
IRL,2012-Q2,-2.1
IRL,2012-Q3,2.23
IRL,2012-Q4,0.35
IRL,2013-Q1,-2.86
IRL,2013-Q2,0.15
IRL,2013-Q3,-0.48
IRL,2013-Q4,2.06
IRL,2014-Q1,-1.61
IRL,2014-Q2,-0.84
IRL,2014-Q3,0.09
IRL,2014-Q4,2.47
IRL,2015-Q1,0.75
IRL,2015-Q2,1.4
IRL,2015-Q3,-0.59
IRL,2015-Q4,-0.65
IRL,2016-Q1,2.29
IRL,2016-Q2,0.68
IRL,2016-Q3,1.93
IRL,2016-Q4,-1.4
IRL,2017-Q1,2.6
IRL,2017-Q2,0.19
IRL,2017-Q3,1.88
IRL,2017-Q4,-0.5
IRL,2018-Q1,-0.83
IRL,2018-Q2,1.31
IRL,2018-Q3,0.72
IRL,2018-Q4,0.72
IRL,2019-Q1,0.36
IRL,2019-Q2,0.9
IRL,2019-Q3,0.29
IRL,2019-Q4,1.12
IRL,2020-Q1,4.95
IRL,2020-Q2,0.99
IRL,2020-Q3,-4.62
IRL,2020-Q4,1.43
IRL,2021-Q1,0.9
IRL,2021-Q2,1.35
IRL,2021-Q3,0.96
IRL,2021-Q4,-3.2
IRL,2022-Q1,0.09
IRL,2022-Q2,1.59
IRL,2022-Q3,-1.07
IRL,2022-Q4,-2.76
IRL,2023-Q1,0.35
IRL,2023-Q2,0.74
NLD,1995-Q1,
NLD,1995-Q2,
NLD,1995-Q3,
NLD,1995-Q4,
NLD,1996-Q1,
NLD,1996-Q2,
NLD,1996-Q3,
NLD,1996-Q4,
NLD,1997-Q1,
NLD,1997-Q2,
NLD,1997-Q3,
NLD,1997-Q4,
NLD,1998-Q1,
NLD,1998-Q2,
NLD,1998-Q3,
NLD,1998-Q4,
NLD,1999-Q1,
NLD,1999-Q2,
NLD,1999-Q3,
NLD,1999-Q4,
NLD,2000-Q1,
NLD,2000-Q2,
NLD,2000-Q3,
NLD,2000-Q4,
NLD,2001-Q1,
NLD,2001-Q2,
NLD,2001-Q3,
NLD,2001-Q4,
NLD,2002-Q1,
NLD,2002-Q2,
NLD,2002-Q3,
NLD,2002-Q4,
NLD,2003-Q1,
NLD,2003-Q2,
NLD,2003-Q3,
NLD,2003-Q4,
NLD,2004-Q1,
NLD,2004-Q2,
NLD,2004-Q3,
NLD,2004-Q4,
NLD,2005-Q1,
NLD,2005-Q2,
NLD,2005-Q3,
NLD,2005-Q4,
NLD,2006-Q1,
NLD,2006-Q2,
NLD,2006-Q3,
NLD,2006-Q4,
NLD,2007-Q1,
NLD,2007-Q2,-0.43
NLD,2007-Q3,1.16
NLD,2007-Q4,-0.14
NLD,2008-Q1,-0.26
NLD,2008-Q2,0.84
NLD,2008-Q3,0.15
NLD,2008-Q4,0.12
NLD,2009-Q1,-1.53
NLD,2009-Q2,4.34
NLD,2009-Q3,-3.27
NLD,2009-Q4,1.98
NLD,2010-Q1,-1.28
NLD,2010-Q2,-1.19
NLD,2010-Q3,3.44
NLD,2010-Q4,-3.14
NLD,2011-Q1,0.71
NLD,2011-Q2,1.36
NLD,2011-Q3,-2.27
NLD,2011-Q4,-0.21
NLD,2012-Q1,1.4
NLD,2012-Q2,-1.41
NLD,2012-Q3,0.54
NLD,2012-Q4,-1.24
NLD,2013-Q1,-1.32
NLD,2013-Q2,0.38
NLD,2013-Q3,1.06
NLD,2013-Q4,0.72
NLD,2014-Q1,-0.12
NLD,2014-Q2,0.03
NLD,2014-Q3,-0.22
NLD,2014-Q4,0.83
NLD,2015-Q1,0.08
NLD,2015-Q2,0.77
NLD,2015-Q3,0.76
NLD,2015-Q4,-1.38
NLD,2016-Q1,1.05
NLD,2016-Q2,0.84
NLD,2016-Q3,0.69
NLD,2016-Q4,0.47
NLD,2017-Q1,-0.79
NLD,2017-Q2,0.05
NLD,2017-Q3,0.31
NLD,2017-Q4,0.57
NLD,2018-Q1,0.44
NLD,2018-Q2,1.26
NLD,2018-Q3,0.21
NLD,2018-Q4,0.05
NLD,2019-Q1,0.67
NLD,2019-Q2,1.13
NLD,2019-Q3,-1.14
NLD,2019-Q4,1.8
NLD,2020-Q1,1.37
NLD,2020-Q2,-2.19
NLD,2020-Q3,2.37
NLD,2020-Q4,0.81
NLD,2021-Q1,-0.33
NLD,2021-Q2,1.35
NLD,2021-Q3,0.78
NLD,2021-Q4,-1.38
NLD,2022-Q1,1.82
NLD,2022-Q2,0.05
NLD,2022-Q3,0.38
NLD,2022-Q4,-2.53
NLD,2023-Q1,2.76
NLD,2023-Q2,-1.17
POL,1995-Q1,
POL,1995-Q2,
POL,1995-Q3,
POL,1995-Q4,
POL,1996-Q1,
POL,1996-Q2,
POL,1996-Q3,
POL,1996-Q4,
POL,1997-Q1,
POL,1997-Q2,
POL,1997-Q3,
POL,1997-Q4,
POL,1998-Q1,
POL,1998-Q2,
POL,1998-Q3,
POL,1998-Q4,
POL,1999-Q1,
POL,1999-Q2,
POL,1999-Q3,
POL,1999-Q4,
POL,2000-Q1,
POL,2000-Q2,
POL,2000-Q3,
POL,2000-Q4,
POL,2001-Q1,
POL,2001-Q2,
POL,2001-Q3,
POL,2001-Q4,
POL,2002-Q1,
POL,2002-Q2,
POL,2002-Q3,
POL,2002-Q4,
POL,2003-Q1,
POL,2003-Q2,
POL,2003-Q3,
POL,2003-Q4,
POL,2004-Q1,
POL,2004-Q2,
POL,2004-Q3,
POL,2004-Q4,
POL,2005-Q1,
POL,2005-Q2,
POL,2005-Q3,
POL,2005-Q4,
POL,2006-Q1,
POL,2006-Q2,
POL,2006-Q3,
POL,2006-Q4,
POL,2007-Q1,
POL,2007-Q2,2.18
POL,2007-Q3,3.19
POL,2007-Q4,-3.96
POL,2008-Q1,2.77
POL,2008-Q2,4.44
POL,2008-Q3,-1.94
POL,2008-Q4,0.98
POL,2009-Q1,-5.7
POL,2009-Q2,14.35
POL,2009-Q3,-1.31
POL,2009-Q4,2.38
POL,2010-Q1,-1.09
POL,2010-Q2,-0.8
POL,2010-Q3,0.52
POL,2010-Q4,2.95
POL,2011-Q1,-4.26
POL,2011-Q2,2.74
POL,2011-Q3,-0.89
POL,2011-Q4,3.06
POL,2012-Q1,-1.63
POL,2012-Q2,1.16
POL,2012-Q3,0.05
POL,2012-Q4,-1.29
POL,2013-Q1,0.59
POL,2013-Q2,0.93
POL,2013-Q3,0.71
POL,2013-Q4,-0.79
POL,2014-Q1,4.09
POL,2014-Q2,0.17
POL,2014-Q3,2.65
POL,2014-Q4,0.34
POL,2015-Q1,1.72
POL,2015-Q2,-1.49
POL,2015-Q3,1.5
POL,2015-Q4,0.61
POL,2016-Q1,4.2
POL,2016-Q2,0.07
POL,2016-Q3,0.81
POL,2016-Q4,1.28
POL,2017-Q1,1.31
POL,2017-Q2,-0.72
POL,2017-Q3,1.92
POL,2017-Q4,0.94
POL,2018-Q1,1.47
POL,2018-Q2,0.57
POL,2018-Q3,1.27
POL,2018-Q4,-0.41
POL,2019-Q1,3.12
POL,2019-Q2,-0.61
POL,2019-Q3,2.61
POL,2019-Q4,-0.19
POL,2020-Q1,4.68
POL,2020-Q2,0.87
POL,2020-Q3,-2.3
POL,2020-Q4,-3.1
POL,2021-Q1,3.53
POL,2021-Q2,-2.51
POL,2021-Q3,-1.82
POL,2021-Q4,3.07
POL,2022-Q1,3.07
POL,2022-Q2,-4.12
POL,2022-Q3,3.32
POL,2022-Q4,-4.25
POL,2023-Q1,6.99
POL,2023-Q2,-3.4
PRT,1995-Q1,
PRT,1995-Q2,
PRT,1995-Q3,
PRT,1995-Q4,
PRT,1996-Q1,
PRT,1996-Q2,
PRT,1996-Q3,
PRT,1996-Q4,
PRT,1997-Q1,
PRT,1997-Q2,
PRT,1997-Q3,
PRT,1997-Q4,
PRT,1998-Q1,
PRT,1998-Q2,
PRT,1998-Q3,
PRT,1998-Q4,
PRT,1999-Q1,
PRT,1999-Q2,
PRT,1999-Q3,
PRT,1999-Q4,
PRT,2000-Q1,
PRT,2000-Q2,
PRT,2000-Q3,
PRT,2000-Q4,
PRT,2001-Q1,
PRT,2001-Q2,
PRT,2001-Q3,
PRT,2001-Q4,
PRT,2002-Q1,
PRT,2002-Q2,
PRT,2002-Q3,
PRT,2002-Q4,
PRT,2003-Q1,
PRT,2003-Q2,
PRT,2003-Q3,
PRT,2003-Q4,
PRT,2004-Q1,
PRT,2004-Q2,
PRT,2004-Q3,
PRT,2004-Q4,
PRT,2005-Q1,
PRT,2005-Q2,
PRT,2005-Q3,
PRT,2005-Q4,
PRT,2006-Q1,
PRT,2006-Q2,
PRT,2006-Q3,
PRT,2006-Q4,
PRT,2007-Q1,
PRT,2007-Q2,-2.25
PRT,2007-Q3,1.25
PRT,2007-Q4,-4.02
PRT,2008-Q1,3.65
PRT,2008-Q2,-1.39
PRT,2008-Q3,5.55
PRT,2008-Q4,-4.58
PRT,2009-Q1,0.51
PRT,2009-Q2,5.12
PRT,2009-Q3,-2.73
PRT,2009-Q4,3.04
PRT,2010-Q1,-2.87
PRT,2010-Q2,1.79
PRT,2010-Q3,-1.38
PRT,2010-Q4,-0.61
PRT,2011-Q1,-1.53
PRT,2011-Q2,-0.49
PRT,2011-Q3,-1.43
PRT,2011-Q4,-1.17
PRT,2012-Q1,-2.06
PRT,2012-Q2,-1.15
PRT,2012-Q3,0.64
PRT,2012-Q4,0.87
PRT,2013-Q1,-0.54
PRT,2013-Q2,0.27
PRT,2013-Q3,-1.15
PRT,2013-Q4,-3.47
PRT,2014-Q1,2.19
PRT,2014-Q2,-0.19
PRT,2014-Q3,2.48
PRT,2014-Q4,-0.14
PRT,2015-Q1,1.59
PRT,2015-Q2,-0.64
PRT,2015-Q3,0.39
PRT,2015-Q4,2.18
PRT,2016-Q1,0.53
PRT,2016-Q2,-1.2
PRT,2016-Q3,3.97
PRT,2016-Q4,-0.78
PRT,2017-Q1,-0.97
PRT,2017-Q2,1.46
PRT,2017-Q3,-0.05
PRT,2017-Q4,2.57
PRT,2018-Q1,-0.24
PRT,2018-Q2,0.22
PRT,2018-Q3,0.99
PRT,2018-Q4,0.85
PRT,2019-Q1,0.9
PRT,2019-Q2,1.49
PRT,2019-Q3,0.79
PRT,2019-Q4,0.38
PRT,2020-Q1,-1.78
PRT,2020-Q2,-4.18
PRT,2020-Q3,4.24
PRT,2020-Q4,0.03
PRT,2021-Q1,1.42
PRT,2021-Q2,0.77
PRT,2021-Q3,0.35
PRT,2021-Q4,-0.09
PRT,2022-Q1,1.84
PRT,2022-Q2,-2.08
PRT,2022-Q3,-1.56
PRT,2022-Q4,3.41
PRT,2023-Q1,-1.24
PRT,2023-Q2,1.53
ESP,1995-Q1,
ESP,1995-Q2,
ESP,1995-Q3,
ESP,1995-Q4,
ESP,1996-Q1,
ESP,1996-Q2,
ESP,1996-Q3,
ESP,1996-Q4,
ESP,1997-Q1,
ESP,1997-Q2,
ESP,1997-Q3,
ESP,1997-Q4,
ESP,1998-Q1,
ESP,1998-Q2,
ESP,1998-Q3,
ESP,1998-Q4,
ESP,1999-Q1,
ESP,1999-Q2,
ESP,1999-Q3,
ESP,1999-Q4,
ESP,2000-Q1,
ESP,2000-Q2,
ESP,2000-Q3,
ESP,2000-Q4,
ESP,2001-Q1,
ESP,2001-Q2,
ESP,2001-Q3,
ESP,2001-Q4,
ESP,2002-Q1,
ESP,2002-Q2,
ESP,2002-Q3,
ESP,2002-Q4,
ESP,2003-Q1,
ESP,2003-Q2,
ESP,2003-Q3,
ESP,2003-Q4,
ESP,2004-Q1,
ESP,2004-Q2,
ESP,2004-Q3,
ESP,2004-Q4,
ESP,2005-Q1,
ESP,2005-Q2,
ESP,2005-Q3,
ESP,2005-Q4,
ESP,2006-Q1,
ESP,2006-Q2,
ESP,2006-Q3,
ESP,2006-Q4,
ESP,2007-Q1,
ESP,2007-Q2,-1.67
ESP,2007-Q3,-2.49
ESP,2007-Q4,4.15
ESP,2008-Q1,-0.43
ESP,2008-Q2,-1.2
ESP,2008-Q3,-1.33
ESP,2008-Q4,2.5
ESP,2009-Q1,-1.73
ESP,2009-Q2,0.81
ESP,2009-Q3,-0.16
ESP,2009-Q4,-0.9
ESP,2010-Q1,0.32
ESP,2010-Q2,-0.76
ESP,2010-Q3,-1.71
ESP,2010-Q4,-0.97
ESP,2011-Q1,1.22
ESP,2011-Q2,-0.62
ESP,2011-Q3,-0.98
ESP,2011-Q4,-2.26
ESP,2012-Q1,-1.82
ESP,2012-Q2,-2.95
ESP,2012-Q3,0.02
ESP,2012-Q4,-4.05
ESP,2013-Q1,3.79
ESP,2013-Q2,-0.1
ESP,2013-Q3,-0.94
ESP,2013-Q4,-1.02
ESP,2014-Q1,-0.2
ESP,2014-Q2,-0.3
ESP,2014-Q3,2.6
ESP,2014-Q4,2.42
ESP,2015-Q1,0.34
ESP,2015-Q2,-0.08
ESP,2015-Q3,1.74
ESP,2015-Q4,-0.24
ESP,2016-Q1,1.07
ESP,2016-Q2,1.56
ESP,2016-Q3,-0.96
ESP,2016-Q4,0.04
ESP,2017-Q1,0.42
ESP,2017-Q2,1.32
ESP,2017-Q3,-0.49
ESP,2017-Q4,1.36
ESP,2018-Q1,-0.9
ESP,2018-Q2,0.34
ESP,2018-Q3,0.38
ESP,2018-Q4,1.4
ESP,2019-Q1,0.9
ESP,2019-Q2,1.87
ESP,2019-Q3,-1.21
ESP,2019-Q4,0.37
ESP,2020-Q1,-1.62
ESP,2020-Q2,-7.72
ESP,2020-Q3,11.23
ESP,2020-Q4,-2.45
ESP,2021-Q1,-0.81
ESP,2021-Q2,0.56
ESP,2021-Q3,3.28
ESP,2021-Q4,-1.52
ESP,2022-Q1,-3.66
ESP,2022-Q2,-0.52
ESP,2022-Q3,-1.32
ESP,2022-Q4,5.11
ESP,2023-Q1,1.81
ESP,2023-Q2,0.37
SWE,1995-Q1,
SWE,1995-Q2,
SWE,1995-Q3,
SWE,1995-Q4,
SWE,1996-Q1,
SWE,1996-Q2,
SWE,1996-Q3,
SWE,1996-Q4,
SWE,1997-Q1,
SWE,1997-Q2,
SWE,1997-Q3,
SWE,1997-Q4,
SWE,1998-Q1,
SWE,1998-Q2,
SWE,1998-Q3,
SWE,1998-Q4,
SWE,1999-Q1,
SWE,1999-Q2,
SWE,1999-Q3,
SWE,1999-Q4,
SWE,2000-Q1,
SWE,2000-Q2,
SWE,2000-Q3,
SWE,2000-Q4,
SWE,2001-Q1,
SWE,2001-Q2,
SWE,2001-Q3,
SWE,2001-Q4,
SWE,2002-Q1,
SWE,2002-Q2,
SWE,2002-Q3,
SWE,2002-Q4,
SWE,2003-Q1,
SWE,2003-Q2,
SWE,2003-Q3,
SWE,2003-Q4,
SWE,2004-Q1,
SWE,2004-Q2,
SWE,2004-Q3,
SWE,2004-Q4,
SWE,2005-Q1,
SWE,2005-Q2,
SWE,2005-Q3,
SWE,2005-Q4,
SWE,2006-Q1,
SWE,2006-Q2,
SWE,2006-Q3,
SWE,2006-Q4,
SWE,2007-Q1,
SWE,2007-Q2,0.54
SWE,2007-Q3,0.99
SWE,2007-Q4,0.94
SWE,2008-Q1,-0.15
SWE,2008-Q2,1.9
SWE,2008-Q3,-1.01
SWE,2008-Q4,-0.56
SWE,2009-Q1,1.4
SWE,2009-Q2,-0.81
SWE,2009-Q3,0.83
SWE,2009-Q4,0.42
SWE,2010-Q1,0.35
SWE,2010-Q2,0.85
SWE,2010-Q3,1.5
SWE,2010-Q4,0.78
SWE,2011-Q1,0.25
SWE,2011-Q2,0.76
SWE,2011-Q3,0.62
SWE,2011-Q4,0.11
SWE,2012-Q1,1.05
SWE,2012-Q2,1.68
SWE,2012-Q3,-0.11
SWE,2012-Q4,0.86
SWE,2013-Q1,0.56
SWE,2013-Q2,-1.22
SWE,2013-Q3,1.29
SWE,2013-Q4,-0.12
SWE,2014-Q1,0.28
SWE,2014-Q2,0.4
SWE,2014-Q3,0.11
SWE,2014-Q4,0.82
SWE,2015-Q1,-0.3
SWE,2015-Q2,1.56
SWE,2015-Q3,0.11
SWE,2015-Q4,0.19
SWE,2016-Q1,2.2
SWE,2016-Q2,-0.23
SWE,2016-Q3,-1.13
SWE,2016-Q4,-0.02
SWE,2017-Q1,-1.66
SWE,2017-Q2,7.38
SWE,2017-Q3,-4.58
SWE,2017-Q4,0.16
SWE,2018-Q1,1.65
SWE,2018-Q2,-0.81
SWE,2018-Q3,0.83
SWE,2018-Q4,0.74
SWE,2019-Q1,-0.52
SWE,2019-Q2,0.91
SWE,2019-Q3,0.04
SWE,2019-Q4,-0.23
SWE,2020-Q1,-0.16
SWE,2020-Q2,-4.11
SWE,2020-Q3,4.84
SWE,2020-Q4,1.15
SWE,2021-Q1,0.09
SWE,2021-Q2,0.58
SWE,2021-Q3,1.51
SWE,2021-Q4,-0.36
SWE,2022-Q1,0.08
SWE,2022-Q2,-1.25
SWE,2022-Q3,-1.93
SWE,2022-Q4,0.11
SWE,2023-Q1,-0.99
SWE,2023-Q2,-0.3
GBR,1995-Q1,
GBR,1995-Q2,
GBR,1995-Q3,
GBR,1995-Q4,
GBR,1996-Q1,
GBR,1996-Q2,
GBR,1996-Q3,
GBR,1996-Q4,
GBR,1997-Q1,
GBR,1997-Q2,
GBR,1997-Q3,
GBR,1997-Q4,
GBR,1998-Q1,
GBR,1998-Q2,
GBR,1998-Q3,
GBR,1998-Q4,
GBR,1999-Q1,
GBR,1999-Q2,
GBR,1999-Q3,
GBR,1999-Q4,
GBR,2000-Q1,
GBR,2000-Q2,
GBR,2000-Q3,
GBR,2000-Q4,
GBR,2001-Q1,
GBR,2001-Q2,
GBR,2001-Q3,
GBR,2001-Q4,
GBR,2002-Q1,
GBR,2002-Q2,
GBR,2002-Q3,
GBR,2002-Q4,
GBR,2003-Q1,
GBR,2003-Q2,
GBR,2003-Q3,
GBR,2003-Q4,
GBR,2004-Q1,
GBR,2004-Q2,
GBR,2004-Q3,
GBR,2004-Q4,
GBR,2005-Q1,
GBR,2005-Q2,
GBR,2005-Q3,
GBR,2005-Q4,
GBR,2006-Q1,
GBR,2006-Q2,
GBR,2006-Q3,
GBR,2006-Q4,
GBR,2007-Q1,
GBR,2007-Q2,-1.15
GBR,2007-Q3,1.23
GBR,2007-Q4,-0.31
GBR,2008-Q1,-1.52
GBR,2008-Q2,0.83
GBR,2008-Q3,-1.83
GBR,2008-Q4,1.68
GBR,2009-Q1,-1.43
GBR,2009-Q2,2.56
GBR,2009-Q3,-0.63
GBR,2009-Q4,0.62
GBR,2010-Q1,-0.12
GBR,2010-Q2,0.08
GBR,2010-Q3,-0.63
GBR,2010-Q4,-0.94
GBR,2011-Q1,-2.89
GBR,2011-Q2,1.54
GBR,2011-Q3,-0.22
GBR,2011-Q4,-0.9
GBR,2012-Q1,1.95
GBR,2012-Q2,0.83
GBR,2012-Q3,-0.54
GBR,2012-Q4,-0.45
GBR,2013-Q1,-0.95
GBR,2013-Q2,2.13
GBR,2013-Q3,1.67
GBR,2013-Q4,0.55
GBR,2014-Q1,-0.43
GBR,2014-Q2,-0.1
GBR,2014-Q3,-0.09
GBR,2014-Q4,1.16
GBR,2015-Q1,1.83
GBR,2015-Q2,2.18
GBR,2015-Q3,1.84
GBR,2015-Q4,-0.28
GBR,2016-Q1,-0.62
GBR,2016-Q2,-0.04
GBR,2016-Q3,-0.85
GBR,2016-Q4,-0.87
GBR,2017-Q1,-0.12
GBR,2017-Q2,1.99
GBR,2017-Q3,0.05
GBR,2017-Q4,-0.13
GBR,2018-Q1,1.01
GBR,2018-Q2,-0.54
GBR,2018-Q3,0.21
GBR,2018-Q4,0.99
GBR,2019-Q1,-0.32
GBR,2019-Q2,1.41
GBR,2019-Q3,-0.06
GBR,2019-Q4,0.44
GBR,2020-Q1,-1.33
GBR,2020-Q2,-2.44
GBR,2020-Q3,3.12
GBR,2020-Q4,0.16
GBR,2021-Q1,0.27
GBR,2021-Q2,0.37
GBR,2021-Q3,-0.61
GBR,2021-Q4,-0.77
GBR,2022-Q1,-0.54
GBR,2022-Q2,-1.51
GBR,2022-Q3,0.07
GBR,2022-Q4,1.44
GBR,2023-Q1,-0.27
GBR,2023-Q2,0.92
SVN,1995-Q1,
SVN,1995-Q2,
SVN,1995-Q3,
SVN,1995-Q4,
SVN,1996-Q1,
SVN,1996-Q2,
SVN,1996-Q3,
SVN,1996-Q4,
SVN,1997-Q1,
SVN,1997-Q2,
SVN,1997-Q3,
SVN,1997-Q4,
SVN,1998-Q1,
SVN,1998-Q2,
SVN,1998-Q3,
SVN,1998-Q4,
SVN,1999-Q1,
SVN,1999-Q2,
SVN,1999-Q3,
SVN,1999-Q4,
SVN,2000-Q1,
SVN,2000-Q2,
SVN,2000-Q3,
SVN,2000-Q4,
SVN,2001-Q1,
SVN,2001-Q2,
SVN,2001-Q3,
SVN,2001-Q4,
SVN,2002-Q1,
SVN,2002-Q2,
SVN,2002-Q3,
SVN,2002-Q4,
SVN,2003-Q1,
SVN,2003-Q2,
SVN,2003-Q3,
SVN,2003-Q4,
SVN,2004-Q1,
SVN,2004-Q2,
SVN,2004-Q3,
SVN,2004-Q4,
SVN,2005-Q1,
SVN,2005-Q2,
SVN,2005-Q3,
SVN,2005-Q4,
SVN,2006-Q1,
SVN,2006-Q2,
SVN,2006-Q3,
SVN,2006-Q4,
SVN,2007-Q1,
SVN,2007-Q2,-0.42
SVN,2007-Q3,1.51
SVN,2007-Q4,-1.37
SVN,2008-Q1,-1.3
SVN,2008-Q2,1.88
SVN,2008-Q3,4.64
SVN,2008-Q4,1.36
SVN,2009-Q1,-3.32
SVN,2009-Q2,-0.69
SVN,2009-Q3,-2.52
SVN,2009-Q4,-0.67
SVN,2010-Q1,3.12
SVN,2010-Q2,-1.5
SVN,2010-Q3,-1.2
SVN,2010-Q4,-0.07
SVN,2011-Q1,1.28
SVN,2011-Q2,0.69
SVN,2011-Q3,-0.76
SVN,2011-Q4,-1.9
SVN,2012-Q1,2.51
SVN,2012-Q2,-5.8
SVN,2012-Q3,-0.01
SVN,2012-Q4,-0.59
SVN,2013-Q1,-0.56
SVN,2013-Q2,-0.74
SVN,2013-Q3,0.35
SVN,2013-Q4,0.46
SVN,2014-Q1,0.68
SVN,2014-Q2,-0.21
SVN,2014-Q3,0.35
SVN,2014-Q4,1.27
SVN,2015-Q1,-0.18
SVN,2015-Q2,1.35
SVN,2015-Q3,1.56
SVN,2015-Q4,-0.02
SVN,2016-Q1,3.23
SVN,2016-Q2,0.03
SVN,2016-Q3,1.19
SVN,2016-Q4,0.17
SVN,2017-Q1,-0.19
SVN,2017-Q2,1.25
SVN,2017-Q3,1.05
SVN,2017-Q4,0.96
SVN,2018-Q1,0.88
SVN,2018-Q2,0.39
SVN,2018-Q3,1.29
SVN,2018-Q4,1.89
SVN,2019-Q1,0.95
SVN,2019-Q2,0.99
SVN,2019-Q3,-0.6
SVN,2019-Q4,-1.68
SVN,2020-Q1,9.08
SVN,2020-Q2,-6.24
SVN,2020-Q3,3.34
SVN,2020-Q4,1.73
SVN,2021-Q1,2.65
SVN,2021-Q2,-2.57
SVN,2021-Q3,4.12
SVN,2021-Q4,-0.46
SVN,2022-Q1,1.03
SVN,2022-Q2,-2.83
SVN,2022-Q3,-0.76
SVN,2022-Q4,0.25
SVN,2023-Q1,4.23
SVN,2023-Q2,-0.42